{
  "station_id": "ANMO",
  "fmin": 0.1,
  "fmax": 4.0,
  "optimal_band": [
    0.1,
    4.0
  ],
  "timestamp": "2025-12-24T20:33:32.354811Z",
  "frequencies": [
    0.0,
    0.01,
    0.02,
    0.03,
    0.04,
    0.05,
    0.06,
    0.07,
    0.08,
    0.09,
    0.1,
    0.11,
    0.12,
    0.13,
    0.14,
    0.15,
    0.16,
    0.17,
    0.18,
    0.19,
    0.2,
    0.21,
    0.22,
    0.23,
    0.24,
    0.25,
    0.26,
    0.27,
    0.28,
    0.29,
    0.3,
    0.31,
    0.32,
    0.33,
    0.34,
    0.35000000000000003,
    0.36,
    0.37,
    0.38,
    0.39,
    0.4,
    0.41000000000000003,
    0.42,
    0.43,
    0.44,
    0.45,
    0.46,
    0.47000000000000003,
    0.48,
    0.49,
    0.5,
    0.51,
    0.52,
    0.53,
    0.54,
    0.55,
    0.56,
    0.5700000000000001,
    0.58,
    0.59,
    0.6,
    0.61,
    0.62,
    0.63,
    0.64,
    0.65,
    0.66,
    0.67,
    0.68,
    0.6900000000000001,
    0.7000000000000001,
    0.71,
    0.72,
    0.73,
    0.74,
    0.75,
    0.76,
    0.77,
    0.78,
    0.79,
    0.8,
    0.81,
    0.8200000000000001,
    0.8300000000000001,
    0.84,
    0.85,
    0.86,
    0.87,
    0.88,
    0.89,
    0.9,
    0.91,
    0.92,
    0.93,
    0.9400000000000001,
    0.9500000000000001,
    0.96,
    0.97,
    0.98,
    0.99
  ],
  "noise_spectrum": [
    1.5589876995418338e-11,
    4.2116609241606435e-11,
    3.516590321236422e-11,
    4.285286150670649e-11,
    1.6800724406596906e-10,
    3.0777846782037883e-10,
    2.632557400446681e-10,
    2.0661660513969571e-10,
    2.4449647716810583e-10,
    3.666258526807363e-10,
    6.230628533628745e-10,
    4.2150766796443397e-10,
    8.44109658814731e-10,
    3.0630032573607114e-09,
    5.803187493337002e-09,
    4.93359428158578e-09,
    6.762690609966422e-09,
    1.1211488993653065e-08,
    6.996816084466002e-09,
    2.9401550748163655e-09,
    3.4496495045284183e-09,
    2.293973253672015e-09,
    3.8955462309601706e-10,
    1.1967403569315105e-09,
    1.1298396819118083e-09,
    5.703909235610464e-10,
    5.483351750380831e-10,
    1.0023857438555196e-09,
    6.963230055690678e-10,
    2.0538745627816771e-10,
    3.69102244431837e-10,
    5.58292173022412e-10,
    1.67046680920415e-10,
    4.389251417957195e-10,
    6.354082909217756e-10,
    4.943178111121836e-10,
    3.074825576410225e-10,
    2.4692578767450357e-10,
    1.875443927501764e-10,
    1.6434881003168542e-10,
    1.3142065783241246e-10,
    1.3618350956473344e-10,
    2.2804408752796709e-10,
    1.7458304996998844e-10,
    1.3182011776465892e-10,
    1.7354464804155577e-10,
    1.4284828616668272e-10,
    1.376498300375494e-10,
    1.0405740124490163e-10,
    2.5118741110841265e-11,
    2.586767583772486e-11,
    3.2795877290310556e-11,
    9.86379076475226e-12,
    7.209005727904533e-11,
    9.876801025312249e-11,
    9.743253237570662e-11,
    1.1182652530121182e-10,
    1.096648941918558e-10,
    5.026462536995301e-11,
    4.2015371617737393e-11,
    5.3226095519362196e-11,
    2.3437330904556294e-11,
    1.6632295398115675e-11,
    1.7155641865541407e-11,
    1.2304763832637974e-11,
    9.090583863253534e-12,
    2.09544945493838e-11,
    2.6839416566993998e-11,
    3.7857760748768406e-11,
    2.0810030329760422e-11,
    6.505218288556136e-12,
    1.911451435945985e-11,
    2.004919264932347e-11,
    1.7127685630006385e-11,
    1.9622290983955278e-11,
    1.9396611619453706e-11,
    1.5181525821897185e-11,
    1.4395833518539238e-11,
    2.2185054066422688e-11,
    2.8640544354783947e-11,
    3.049184056357204e-11,
    2.4162532450272188e-11,
    1.3949379255217847e-11,
    8.551454497611162e-12,
    2.9832671501048726e-12,
    6.792233907735991e-12,
    3.5859490705451174e-12,
    4.748947971968824e-12,
    7.501070639986141e-12,
    2.7384218373954338e-12,
    8.31264281423406e-12,
    1.1575129642062583e-11,
    5.9829119173074965e-12,
    7.415957428095418e-12,
    1.2558211792042539e-11,
    1.2112366015579365e-11,
    1.2471259835391036e-11,
    5.255105718562216e-12,
    7.1064106325683215e-12,
    1.0008528906998914e-11
  ],
  "signal_spectrum": [
    3.177115831909502e-11,
    3.58905513882968e-11,
    8.431338114531734e-11,
    1.6040291569616218e-10,
    2.8948120269455097e-10,
    3.056706177182373e-10,
    6.386875118286325e-10,
    5.2176077569841e-10,
    4.0441886007836913e-10,
    4.374602579065986e-10,
    4.430125651863331e-10,
    5.7194375186501896e-11,
    1.7861540020858229e-09,
    2.2888519604689325e-09,
    4.674125890712041e-09,
    1.0868338579981312e-08,
    6.120220324712764e-09,
    3.1265951191490397e-09,
    7.115215267920829e-09,
    6.692317113157078e-09,
    4.53227328296442e-09,
    3.5332217944932366e-09,
    1.0764739558634616e-09,
    1.1981851285553905e-09,
    1.4593691136827475e-09,
    1.4160836357686325e-09,
    7.626376667828122e-10,
    3.7170038711193255e-10,
    9.213060075413615e-10,
    8.806393403871123e-10,
    4.171796294566256e-10,
    3.0808187874068393e-10,
    4.3539831356443446e-10,
    2.43139231581426e-10,
    2.6504158919525294e-10,
    1.5952921524685596e-10,
    8.29886839521242e-11,
    2.05873348578555e-10,
    1.1278492494849465e-10,
    1.2628560510230815e-10,
    1.1204955279390202e-10,
    1.2973315538272548e-10,
    2.787251628369604e-10,
    2.2443049367840751e-10,
    7.251362097032868e-11,
    7.781588854483703e-11,
    5.2556752546462405e-11,
    1.5435022490547464e-11,
    9.78126659088316e-11,
    1.4289486075971966e-10,
    1.318611223096241e-10,
    1.0665936307013963e-10,
    6.337552014073875e-11,
    1.368196860627039e-11,
    1.8082765010988365e-11,
    1.759155182791928e-11,
    2.1143430314280547e-11,
    2.7128260343902606e-11,
    1.1155846141867944e-11,
    1.1617781284613187e-11,
    1.2278694471050652e-11,
    9.937322642650911e-12,
    2.0112304248669056e-11,
    1.3136574088271061e-11,
    1.6637402348585755e-11,
    2.169213983088483e-11,
    3.892067717794e-11,
    5.590216597580879e-11,
    4.2077281052901986e-11,
    1.79445384032637e-11,
    3.333027123989194e-11,
    2.652672420186972e-11,
    1.4531913324965776e-11,
    1.3998325882451455e-11,
    1.451584066153616e-11,
    1.018502218270452e-11,
    8.548913502690796e-12,
    6.32775287149007e-12,
    8.13679675066455e-12,
    5.431356192377828e-12,
    1.0612224314330305e-12,
    4.054458727552231e-12,
    1.3299450745852145e-11,
    1.6906308936648216e-11,
    1.6884664948359323e-11,
    1.2964916329755723e-11,
    1.0689632743979623e-11,
    8.269298923638943e-12,
    8.988793493896658e-12,
    1.935186332338553e-11,
    2.8903437877348805e-11,
    2.4288476600665083e-11,
    7.857187411408426e-12,
    3.4998053592951093e-12,
    4.087946465839698e-12,
    2.2522420199921335e-12,
    6.347552768848595e-12,
    5.868229961751623e-12,
    2.3918165354734202e-12,
    5.6699651557227125e-12
  ]
}