{
  "station_id": "BFO",
  "fmin": 0.1,
  "fmax": 4.0,
  "optimal_band": [
    0.1,
    4.0
  ],
  "timestamp": "2025-12-22T20:21:20.974430Z",
  "frequencies": [
    0.0,
    0.01,
    0.02,
    0.03,
    0.04,
    0.05,
    0.06,
    0.07,
    0.08,
    0.09,
    0.1,
    0.11,
    0.12,
    0.13,
    0.14,
    0.15,
    0.16,
    0.17,
    0.18,
    0.19,
    0.2,
    0.21,
    0.22,
    0.23,
    0.24,
    0.25,
    0.26,
    0.27,
    0.28,
    0.29,
    0.3,
    0.31,
    0.32,
    0.33,
    0.34,
    0.35000000000000003,
    0.36,
    0.37,
    0.38,
    0.39,
    0.4,
    0.41000000000000003,
    0.42,
    0.43,
    0.44,
    0.45,
    0.46,
    0.47000000000000003,
    0.48,
    0.49,
    0.5,
    0.51,
    0.52,
    0.53,
    0.54,
    0.55,
    0.56,
    0.5700000000000001,
    0.58,
    0.59,
    0.6,
    0.61,
    0.62,
    0.63,
    0.64,
    0.65,
    0.66,
    0.67,
    0.68,
    0.6900000000000001,
    0.7000000000000001,
    0.71,
    0.72,
    0.73,
    0.74,
    0.75,
    0.76,
    0.77,
    0.78,
    0.79,
    0.8,
    0.81,
    0.8200000000000001,
    0.8300000000000001,
    0.84,
    0.85,
    0.86,
    0.87,
    0.88,
    0.89,
    0.9,
    0.91,
    0.92,
    0.93,
    0.9400000000000001,
    0.9500000000000001,
    0.96,
    0.97,
    0.98,
    0.99
  ],
  "noise_spectrum": [
    7.402884496306588e-11,
    8.40757104261936e-11,
    4.7092736135447534e-11,
    1.4267090279102778e-10,
    4.10105009389914e-10,
    6.394540579837393e-10,
    8.968166910822144e-10,
    1.4295661204128514e-09,
    1.013353932024924e-09,
    4.1600049788445737e-10,
    3.392461510188565e-09,
    7.322917362185326e-09,
    3.027138673216387e-09,
    6.7955495719138016e-09,
    7.205166305995745e-09,
    4.568368586428599e-09,
    2.9157320033994874e-09,
    2.324512004662073e-09,
    3.1368227788733545e-10,
    2.47812503948144e-09,
    4.303237330019077e-09,
    3.5743036886780397e-09,
    7.418674822521668e-10,
    3.4482615156465443e-09,
    3.658209426905022e-09,
    1.9050863833308265e-09,
    8.960429123652745e-10,
    7.944831421517483e-10,
    1.0786684800676164e-09,
    2.2038569771804052e-09,
    1.867140174660719e-09,
    1.371751742417175e-09,
    1.8415179647555355e-09,
    1.956140447466908e-09,
    1.926668521241395e-09,
    1.1150580364417662e-09,
    2.0535628434030823e-10,
    8.180293360336361e-10,
    8.360909413777904e-10,
    6.860448858190114e-10,
    5.271019072820399e-10,
    3.597870090513076e-10,
    1.5863946466779716e-10,
    1.5157061306672363e-10,
    1.2078493818072926e-10,
    2.3585140022216944e-10,
    3.587765378962372e-10,
    1.2902807558145167e-10,
    2.6512497889485523e-10,
    2.7398014414386527e-10,
    1.5618667838179143e-10,
    1.273656288094213e-10,
    8.767789999582477e-11,
    2.3399162025559634e-10,
    1.7460518398987452e-10,
    1.5575442079151493e-10,
    2.0570723100259946e-10,
    1.1321461980410235e-10,
    6.561704049719906e-11,
    5.4357874543711446e-11,
    3.0855508316120386e-11,
    7.993987189365652e-11,
    8.195616730691316e-11,
    1.9996004565972296e-11,
    4.496209464659861e-11,
    5.618391562397688e-11,
    3.5002152692860824e-11,
    6.78660599029551e-11,
    8.468457059530383e-11,
    1.1233388794724114e-10,
    6.303694035147046e-11,
    3.0253758011115075e-11,
    9.78130417458672e-11,
    1.106289318142677e-10,
    7.108071741500712e-11,
    7.925190020545468e-11,
    9.427330463852174e-11,
    4.4457381139919566e-11,
    5.508515845660582e-11,
    9.755488240930343e-11,
    7.227216707605883e-11,
    3.5133868534783196e-11,
    4.052573052036573e-11,
    6.574490478520127e-11,
    5.672299393501014e-11,
    2.181709517780281e-11,
    3.013743793670965e-11,
    4.7569767015832364e-11,
    5.532442307518808e-11,
    4.28614293468531e-11,
    1.253521854023827e-11,
    1.4057715301802881e-11,
    2.019143246447787e-11,
    4.7746710644071315e-11,
    8.941710625373566e-11,
    7.852331006341169e-11,
    2.350677635388725e-11,
    8.363010403545534e-12,
    1.7340591971878487e-11,
    2.927499286319177e-11
  ],
  "signal_spectrum": [
    9.441001366852676e-11,
    8.524916973428714e-11,
    1.1276532708715954e-10,
    1.5796668136971676e-10,
    3.8792737416772257e-10,
    1.1566595453691006e-09,
    1.6902446311349732e-09,
    1.3376437486226013e-09,
    7.866401722162755e-10,
    1.3732789798095603e-09,
    1.2112913836632248e-09,
    3.5474594187221743e-09,
    5.381327997659235e-09,
    1.078129656390187e-09,
    4.445451376318009e-09,
    6.252479257004244e-09,
    6.886462879065888e-09,
    4.5355651081902655e-09,
    4.845598604555489e-09,
    4.956978723135898e-09,
    4.624141582887906e-09,
    5.34561199946627e-09,
    7.1839653753029e-09,
    8.712786125850019e-09,
    5.653364184603035e-09,
    9.579831233070067e-10,
    1.3016306682170594e-09,
    7.799776590239603e-10,
    1.716133935212703e-09,
    2.0363709432863267e-09,
    1.5358619945690743e-09,
    1.1494036685700837e-09,
    1.6637454158551856e-09,
    2.0501021779806916e-09,
    1.3693797010615351e-09,
    6.234837837379721e-10,
    6.665040571885271e-10,
    1.1475859690964891e-10,
    3.0713301339263447e-10,
    6.348704862127687e-10,
    4.852853466930069e-10,
    1.6730248921977813e-10,
    1.0976995550062093e-10,
    2.3301736334870486e-10,
    5.778186164411344e-10,
    7.482663376890522e-10,
    4.996861594029721e-10,
    1.3137770167005523e-10,
    2.632107241391675e-10,
    2.4819374077427053e-10,
    7.800984055675923e-11,
    2.158326349881471e-10,
    1.8650105942583796e-10,
    1.8261476244640846e-10,
    1.8591465367207479e-10,
    1.5183531247971784e-10,
    1.2389766856736326e-10,
    1.4414692344618016e-10,
    4.627264547919211e-11,
    9.502415025850518e-11,
    1.0947152775603882e-10,
    1.0961557553193141e-10,
    1.4350546696768697e-10,
    1.357459349618021e-10,
    9.94364224477858e-11,
    6.129221794935086e-11,
    1.0646057196689985e-11,
    4.8842126832830265e-11,
    4.8811335827996916e-11,
    8.589964932841313e-11,
    1.1621301896986048e-10,
    5.992159866871765e-11,
    1.856400535814423e-11,
    3.043285975413085e-11,
    3.2331541549513843e-11,
    2.7394147386415906e-11,
    5.981570907729892e-11,
    5.388063320352256e-11,
    4.688830144615755e-11,
    6.597869840333504e-11,
    6.315353538442101e-11,
    4.05284939115347e-11,
    1.4430524556817745e-11,
    1.4184079059493674e-11,
    4.262126831520631e-11,
    5.982152572414459e-11,
    3.2907185418437503e-11,
    1.9919861143753752e-12,
    6.0522891391771e-12,
    1.2895089608435274e-11,
    1.651161381681908e-11,
    8.967914981445173e-12,
    1.8973115064433785e-11,
    2.7080636424570328e-11,
    5.6634688691168585e-11,
    5.3369385455185425e-11,
    4.27010402058673e-12,
    4.0957007705722223e-11,
    5.856034285831185e-11,
    4.8958530371971376e-11
  ]
}