{
  "station_id": "FIESA",
  "fmin": 0.1,
  "fmax": 1.025,
  "optimal_band": [
    0.1,
    1.025
  ],
  "timestamp": "2025-12-22T14:41:58.779962Z",
  "frequencies": [
    0.0,
    0.01,
    0.02,
    0.03,
    0.04,
    0.05,
    0.06,
    0.07,
    0.08,
    0.09,
    0.1,
    0.11,
    0.12,
    0.13,
    0.14,
    0.15,
    0.16,
    0.17,
    0.18,
    0.19,
    0.2,
    0.21,
    0.22,
    0.23,
    0.24,
    0.25,
    0.26,
    0.27,
    0.28,
    0.29,
    0.3,
    0.31,
    0.32,
    0.33,
    0.34,
    0.35000000000000003,
    0.36,
    0.37,
    0.38,
    0.39,
    0.4,
    0.41000000000000003,
    0.42,
    0.43,
    0.44,
    0.45,
    0.46,
    0.47000000000000003,
    0.48,
    0.49,
    0.5,
    0.51,
    0.52,
    0.53,
    0.54,
    0.55,
    0.56,
    0.5700000000000001,
    0.58,
    0.59,
    0.6,
    0.61,
    0.62,
    0.63,
    0.64,
    0.65,
    0.66,
    0.67,
    0.68,
    0.6900000000000001,
    0.7000000000000001,
    0.71,
    0.72,
    0.73,
    0.74,
    0.75,
    0.76,
    0.77,
    0.78,
    0.79,
    0.8,
    0.81,
    0.8200000000000001,
    0.8300000000000001,
    0.84,
    0.85,
    0.86,
    0.87,
    0.88,
    0.89,
    0.9,
    0.91,
    0.92,
    0.93,
    0.9400000000000001,
    0.9500000000000001,
    0.96,
    0.97,
    0.98,
    0.99
  ],
  "noise_spectrum": [
    1.838306148492354e-10,
    2.0628590920532787e-10,
    9.947341054370539e-11,
    1.3783104331641444e-10,
    6.761908299392436e-11,
    6.945346090976361e-10,
    8.14284141851867e-10,
    4.667385125789695e-10,
    5.722831022056053e-10,
    1.0280750014527567e-09,
    4.598822024551129e-09,
    1.2260346748031903e-08,
    1.7104896130391196e-08,
    1.5770620644360334e-08,
    1.0292596278182375e-08,
    6.255576969513429e-09,
    6.560364403827245e-09,
    6.641119527159636e-09,
    9.760232551909483e-09,
    1.0035379680495009e-08,
    7.530047179958096e-09,
    7.517724943370992e-09,
    6.410538298634118e-09,
    3.9631455333767565e-09,
    4.5361537348962936e-09,
    3.4939633221880897e-09,
    1.8902130030901346e-09,
    2.136733955061846e-09,
    1.8572569119345057e-09,
    5.239593975346974e-10,
    9.408487065946843e-10,
    1.2741059035314834e-09,
    8.332617725053781e-10,
    1.5778262959769e-10,
    5.17056939606818e-10,
    1.5881052882627031e-10,
    3.326921308852956e-11,
    3.513614790422617e-10,
    4.3217398917950963e-10,
    7.38405135937286e-11,
    6.665548779078914e-10,
    8.875313370060304e-10,
    2.2535527359328288e-10,
    6.707919699818279e-10,
    8.526314403766277e-10,
    4.953609774625738e-10,
    3.559110922458867e-10,
    4.669285445852109e-10,
    4.533905568435442e-10,
    3.751325468145182e-10,
    1.6894492119138432e-10,
    1.3922224994858838e-10,
    3.493879249410327e-10,
    3.06939477540249e-10,
    1.489230481527884e-10,
    1.521292153815299e-10,
    1.2878190264637032e-10,
    2.8536785192508225e-10,
    4.161955253771033e-10,
    3.886136457604882e-10,
    2.859744571771102e-10,
    2.1050268507262456e-10,
    8.844579451140526e-11,
    8.703366539922989e-11,
    1.2526155821395944e-10,
    1.0115275686923183e-10,
    6.884252898834992e-11,
    3.634724308808553e-11,
    2.14619438822998e-11,
    9.938703297757626e-11,
    1.215789486558342e-10,
    4.038328185037612e-11,
    8.243617732016022e-11,
    1.8231485487091868e-10,
    2.849998367568628e-10,
    2.6662522071498224e-10,
    1.5210725175760798e-10,
    9.202145869027486e-11,
    8.088014005747115e-11,
    1.300755779825826e-10,
    1.8142524797625706e-10,
    1.2766313400298792e-10,
    5.104049592329075e-11,
    5.916744522114654e-11,
    7.953321719934963e-11,
    7.803901807930232e-11,
    4.48766827905375e-11,
    1.808346822957632e-11,
    8.127255139928115e-13,
    2.0759690612231578e-11,
    9.48204146659193e-12,
    4.518359490207674e-11,
    7.224813857586101e-11,
    6.874405006030604e-11,
    5.997030423584891e-11,
    5.2145103993888615e-11,
    3.108820056882908e-11,
    6.1913317360779225e-12,
    1.0034816853138335e-11,
    2.0349718450791916e-11
  ],
  "signal_spectrum": [
    2.1876486517246884e-11,
    2.8762859548001012e-11,
    9.333368434195866e-11,
    4.921456722562481e-10,
    1.0832644906319738e-09,
    1.5373888223255899e-09,
    1.6776995478913727e-09,
    7.772656790845769e-10,
    6.365871505535166e-10,
    1.4997340257715827e-09,
    2.1407002371394387e-09,
    5.216984172089125e-09,
    1.1975598627195692e-08,
    1.1597360621865181e-08,
    7.843640604669296e-09,
    7.0316503165279826e-09,
    1.3697345417771115e-09,
    5.056898709359051e-09,
    6.037514133926269e-09,
    4.309505018102037e-09,
    7.839492427322108e-09,
    5.392906029483774e-09,
    2.4120653205952182e-09,
    3.1759394260331406e-09,
    3.6842161255506983e-09,
    4.319082637985703e-09,
    3.6384310035337256e-09,
    2.018371939935024e-09,
    9.007558461397962e-10,
    2.2634491771827247e-10,
    3.469130826488461e-10,
    6.645018134123958e-10,
    1.171142146634336e-09,
    9.984327411137975e-10,
    3.397428655965336e-10,
    1.996194763173079e-10,
    7.350522811000568e-10,
    1.0205088157639654e-09,
    8.023668157542794e-10,
    3.199775502762542e-10,
    1.01065894869247e-10,
    3.1547395010076106e-10,
    4.4676689621736985e-10,
    4.4963560589047986e-10,
    3.603044961250415e-10,
    2.644721225765525e-10,
    5.164684097668005e-10,
    6.437008201868607e-10,
    6.016536417264974e-10,
    5.610267307358823e-10,
    3.6303358567997496e-10,
    3.4738105975260435e-10,
    2.4176831669440904e-10,
    5.03086671154629e-11,
    9.976591945135591e-11,
    6.26141862513724e-11,
    2.554180324887728e-10,
    2.9100915110714103e-10,
    1.3677897546431372e-10,
    7.273129498834475e-11,
    2.120840365236644e-10,
    2.4907576561829485e-10,
    2.0532094374293274e-10,
    1.8629512989431195e-10,
    1.8981840328905582e-10,
    1.347462199179064e-10,
    8.36426040737697e-11,
    9.65218881643108e-11,
    1.5660109388509128e-10,
    1.3506092420065278e-10,
    1.2113191893596296e-10,
    8.309924815647833e-11,
    1.8655427886758093e-10,
    2.0322386715767535e-10,
    1.2820805827404483e-10,
    3.194000240665227e-11,
    6.004759659623425e-11,
    9.72849865864406e-11,
    1.312122761653839e-10,
    9.011443701608217e-11,
    4.870296384615118e-11,
    5.217454117584037e-11,
    1.862218368023025e-11,
    1.8197379850276763e-11,
    1.781024104161459e-11,
    6.087969508297334e-11,
    7.566689787582444e-11,
    6.094116808181496e-11,
    2.050596416338129e-11,
    2.5283659624895866e-11,
    5.2176994349064335e-11,
    3.994237335093741e-11,
    1.9427359792730613e-11,
    1.899993012401305e-11,
    2.3584051625276427e-11,
    4.106671904654764e-11,
    5.183924574630876e-11,
    3.887870071219805e-11,
    1.231878332505576e-11,
    2.65531006373912e-11
  ]
}