{
  "station_id": "HASLI",
  "fmin": 0.1,
  "fmax": 7.198,
  "optimal_band": [
    0.1,
    7.198
  ],
  "timestamp": "2025-12-21T19:08:10.606951Z",
  "frequencies": [
    0.0,
    0.01,
    0.02,
    0.03,
    0.04,
    0.05,
    0.06,
    0.07,
    0.08,
    0.09,
    0.1,
    0.11,
    0.12,
    0.13,
    0.14,
    0.15,
    0.16,
    0.17,
    0.18,
    0.19,
    0.2,
    0.21,
    0.22,
    0.23,
    0.24,
    0.25,
    0.26,
    0.27,
    0.28,
    0.29,
    0.3,
    0.31,
    0.32,
    0.33,
    0.34,
    0.35000000000000003,
    0.36,
    0.37,
    0.38,
    0.39,
    0.4,
    0.41000000000000003,
    0.42,
    0.43,
    0.44,
    0.45,
    0.46,
    0.47000000000000003,
    0.48,
    0.49,
    0.5,
    0.51,
    0.52,
    0.53,
    0.54,
    0.55,
    0.56,
    0.5700000000000001,
    0.58,
    0.59,
    0.6,
    0.61,
    0.62,
    0.63,
    0.64,
    0.65,
    0.66,
    0.67,
    0.68,
    0.6900000000000001,
    0.7000000000000001,
    0.71,
    0.72,
    0.73,
    0.74,
    0.75,
    0.76,
    0.77,
    0.78,
    0.79,
    0.8,
    0.81,
    0.8200000000000001,
    0.8300000000000001,
    0.84,
    0.85,
    0.86,
    0.87,
    0.88,
    0.89,
    0.9,
    0.91,
    0.92,
    0.93,
    0.9400000000000001,
    0.9500000000000001,
    0.96,
    0.97,
    0.98,
    0.99
  ],
  "noise_spectrum": [
    5.986297776217338e-08,
    4.4933051946190564e-08,
    1.1939858970405259e-08,
    1.7787533304315453e-09,
    1.7361405314915806e-09,
    1.1286826767629038e-09,
    2.3504222163312635e-09,
    2.3900395712179644e-09,
    7.439316157294737e-10,
    7.091970738921918e-09,
    1.9046686153254115e-08,
    1.9326427703496558e-08,
    2.088228189320621e-08,
    2.2676942435032657e-08,
    2.785356967200158e-08,
    3.047857317145832e-08,
    2.7684969061384434e-08,
    2.073217546675008e-08,
    1.2747436781017547e-08,
    3.0791729167341123e-09,
    2.3106843711050373e-08,
    3.6661547754861177e-08,
    2.7849994547971044e-08,
    1.0617025030232702e-08,
    1.0822782870347988e-08,
    9.771246560638959e-09,
    7.884880635310315e-09,
    8.450629286488731e-09,
    1.2114932764909738e-09,
    7.312232404465977e-09,
    5.127854452105333e-09,
    5.312946708499212e-09,
    2.678225452110334e-09,
    5.56774829910426e-09,
    3.753937522287757e-09,
    1.722149740106379e-09,
    2.680818120538005e-09,
    9.809740560550864e-10,
    3.5942629176597995e-09,
    6.4960025986882685e-09,
    5.264149877829023e-09,
    2.212871096945529e-09,
    1.3220570991256023e-09,
    1.7989126036383096e-09,
    1.535659356372962e-09,
    9.394118387804234e-10,
    1.503694531085173e-09,
    2.4838231370853296e-09,
    3.2437291380119262e-09,
    3.125262267378712e-09,
    2.498057057346133e-09,
    2.2093240601885515e-09,
    1.9036042126521187e-09,
    1.4201156592189407e-09,
    6.601975118584942e-10,
    1.2886232921415727e-09,
    1.8381546158225396e-09,
    1.3870211199241573e-09,
    9.68355622006819e-10,
    4.999013146482806e-10,
    1.5166798130316528e-10,
    3.1418194488501396e-10,
    2.423349076594434e-10,
    5.09057130029674e-10,
    4.035562608300527e-10,
    5.458425286259041e-10,
    1.6556571106843443e-10,
    2.969616511369451e-10,
    3.4924762473473846e-10,
    4.4463004587510646e-10,
    6.734457856792878e-10,
    6.036611807869e-10,
    3.434800059222352e-10,
    2.9994905568062443e-10,
    3.3198682551782026e-10,
    3.243679358241785e-10,
    3.422979274525181e-10,
    2.1398646660513214e-10,
    8.87535860803606e-11,
    1.6172540415385322e-10,
    2.744055991641463e-10,
    2.237159249465675e-10,
    3.038092071652258e-10,
    3.0479829739913053e-10,
    2.371931079769273e-10,
    2.393591370701718e-10,
    1.9707218093066496e-10,
    8.726307849481691e-11,
    1.3471532603236326e-10,
    2.324484349267628e-10,
    2.2845604450151634e-10,
    2.723312223498299e-10,
    3.158178325634818e-10,
    2.948624128099749e-10,
    2.684202063828728e-10,
    3.5004908427827355e-10,
    4.5988245985865656e-10,
    4.700761706497835e-10,
    3.1284326006223016e-10,
    2.1074373812487471e-10
  ],
  "signal_spectrum": [
    9.759435536799753e-10,
    1.3325191620146484e-08,
    4.583649683856576e-09,
    2.2056932386030905e-09,
    2.6510931271773275e-09,
    4.04322418292207e-09,
    2.93865106312865e-09,
    2.9714041947181242e-09,
    5.167965032402534e-09,
    6.034408990045709e-09,
    2.426754635554254e-08,
    3.620533748363593e-08,
    2.3319518872557747e-08,
    4.8791963131401964e-08,
    6.91181226906543e-08,
    6.67972533004489e-08,
    5.044097036320156e-08,
    2.50435832851094e-08,
    8.645903756846582e-09,
    1.970421758494673e-08,
    2.0680918327417527e-08,
    3.170799059990027e-08,
    2.8383288512758458e-08,
    1.409887470033047e-08,
    6.5441502239256215e-09,
    6.203791863828294e-09,
    7.462260315178286e-09,
    6.949267205928741e-09,
    4.758421387976075e-09,
    6.926729089114052e-09,
    1.1937084210668727e-08,
    1.3380487827965381e-08,
    1.0854639854469292e-08,
    6.898317513911248e-09,
    4.94664818773498e-09,
    2.9020205625214437e-09,
    1.7872672862106187e-09,
    6.25226080153635e-10,
    6.187005364552492e-10,
    3.844989784457057e-09,
    5.912520463612063e-09,
    3.678691936190746e-09,
    2.3751525746970257e-09,
    3.0394866100215565e-09,
    3.040966138882803e-09,
    3.2256315353256607e-09,
    4.096474956240875e-09,
    3.596068731633486e-09,
    3.2067325660216565e-09,
    3.007471391344802e-09,
    1.9181392415366812e-09,
    7.884894570116861e-10,
    1.1852009990590636e-09,
    1.6447658157691452e-09,
    1.638160081415534e-09,
    5.955289767053961e-10,
    8.005290905915588e-10,
    9.191949095617452e-10,
    5.050917895438542e-10,
    1.0010414177271292e-09,
    8.859546088038857e-10,
    2.6159578007045927e-10,
    4.6146604602116886e-10,
    1.1424750869769847e-09,
    1.4527068163071878e-09,
    1.1218491691596406e-09,
    6.324073098303926e-10,
    1.0328264449029959e-10,
    1.3717961061576796e-10,
    1.460907117536954e-10,
    6.535055865988369e-10,
    1.0883670753840698e-09,
    1.1065471055724533e-09,
    6.678639235343569e-10,
    2.0896885309125612e-10,
    2.1323435775635723e-10,
    3.437287225229985e-10,
    3.0251041436883696e-10,
    3.7666051264332913e-10,
    3.628895355025388e-10,
    3.9991233305476705e-10,
    5.537108956620867e-10,
    5.30661870025501e-10,
    2.3044071873672944e-10,
    4.360902569117327e-11,
    1.471975649452156e-10,
    1.5801942952114326e-10,
    1.4275436954978035e-10,
    3.257191523812352e-10,
    4.579959055233164e-10,
    4.686975520616104e-10,
    5.552053442868735e-10,
    4.874755055201585e-10,
    1.9821441242346738e-10,
    2.237495388056124e-10,
    4.588009233167222e-10,
    4.1294309930284595e-10,
    2.78511171895289e-10,
    2.226934222641666e-10,
    2.0979559695923357e-10
  ]
}