{
  "station_id": "HASLI",
  "fmin": 0.1,
  "fmax": 7.198,
  "optimal_band": [
    0.1,
    7.198
  ],
  "timestamp": "2025-12-24T20:33:32.205824Z",
  "frequencies": [
    0.0,
    0.01,
    0.02,
    0.03,
    0.04,
    0.05,
    0.06,
    0.07,
    0.08,
    0.09,
    0.1,
    0.11,
    0.12,
    0.13,
    0.14,
    0.15,
    0.16,
    0.17,
    0.18,
    0.19,
    0.2,
    0.21,
    0.22,
    0.23,
    0.24,
    0.25,
    0.26,
    0.27,
    0.28,
    0.29,
    0.3,
    0.31,
    0.32,
    0.33,
    0.34,
    0.35000000000000003,
    0.36,
    0.37,
    0.38,
    0.39,
    0.4,
    0.41000000000000003,
    0.42,
    0.43,
    0.44,
    0.45,
    0.46,
    0.47000000000000003,
    0.48,
    0.49,
    0.5,
    0.51,
    0.52,
    0.53,
    0.54,
    0.55,
    0.56,
    0.5700000000000001,
    0.58,
    0.59,
    0.6,
    0.61,
    0.62,
    0.63,
    0.64,
    0.65,
    0.66,
    0.67,
    0.68,
    0.6900000000000001,
    0.7000000000000001,
    0.71,
    0.72,
    0.73,
    0.74,
    0.75,
    0.76,
    0.77,
    0.78,
    0.79,
    0.8,
    0.81,
    0.8200000000000001,
    0.8300000000000001,
    0.84,
    0.85,
    0.86,
    0.87,
    0.88,
    0.89,
    0.9,
    0.91,
    0.92,
    0.93,
    0.9400000000000001,
    0.9500000000000001,
    0.96,
    0.97,
    0.98,
    0.99
  ],
  "noise_spectrum": [
    5.986297778551197e-08,
    4.493305186018131e-08,
    1.1939858830254392e-08,
    1.7787533787942125e-09,
    1.7361406515544704e-09,
    1.128682712612244e-09,
    2.3504222831935376e-09,
    2.3900396240566535e-09,
    7.43931643728378e-10,
    7.091970775515198e-09,
    1.9046686166558723e-08,
    1.9326427666342265e-08,
    2.088228181862423e-08,
    2.2676942360645476e-08,
    2.785356963075253e-08,
    3.047857306612559e-08,
    2.7684968871597835e-08,
    2.073217527231708e-08,
    1.2747436716890595e-08,
    3.079173023325239e-09,
    2.310684375744255e-08,
    3.666154782134111e-08,
    2.7849994563923463e-08,
    1.0617024971270978e-08,
    1.0822782841789119e-08,
    9.771246530347718e-09,
    7.88488065361555e-09,
    8.450629338234718e-09,
    1.2114931695823567e-09,
    7.312232294153397e-09,
    5.1278543336736504e-09,
    5.312946604905773e-09,
    2.67822546667428e-09,
    5.567748302854436e-09,
    3.753937527238153e-09,
    1.7221497172841773e-09,
    2.680818156209467e-09,
    9.809741814839388e-10,
    3.5942628039522313e-09,
    6.496002496747536e-09,
    5.264149826570328e-09,
    2.2128710872543246e-09,
    1.3220571449448774e-09,
    1.798912642232997e-09,
    1.5356593918557557e-09,
    9.394119065982092e-10,
    1.503694540198853e-09,
    2.483823139476681e-09,
    3.2437291782313638e-09,
    3.1252622912976517e-09,
    2.4980570441487897e-09,
    2.2093240363958874e-09,
    1.903604172729589e-09,
    1.4201156529303867e-09,
    6.601975942368286e-10,
    1.2886232850043387e-09,
    1.838154638954473e-09,
    1.3870211719885578e-09,
    9.683556345307322e-10,
    4.999012896443758e-10,
    1.516679912398746e-10,
    3.141819657210854e-10,
    2.4233479284176805e-10,
    5.090570390541406e-10,
    4.035561486638096e-10,
    5.45842445071002e-10,
    1.6556571114883576e-10,
    2.969616461408774e-10,
    3.4924766527746755e-10,
    4.446300682563477e-10,
    6.73445738970236e-10,
    6.036610691344544e-10,
    3.4347989275762646e-10,
    2.999490226479064e-10,
    3.319868026865429e-10,
    3.243678938576841e-10,
    3.422978789322593e-10,
    2.1398643317009654e-10,
    8.875356124960899e-11,
    1.6172536984011418e-10,
    2.7440555479598064e-10,
    2.237159503049177e-10,
    3.0380931045342374e-10,
    3.047984108927587e-10,
    2.3719317482742026e-10,
    2.393592227363883e-10,
    1.9707220406465288e-10,
    8.726308056815611e-11,
    1.347153625767249e-10,
    2.3244847158865268e-10,
    2.28456069440756e-10,
    2.723312572628209e-10,
    3.15817853059779e-10,
    2.9486242588403284e-10,
    2.684202391827435e-10,
    3.5004915450309007e-10,
    4.5988255490237043e-10,
    4.700762776981142e-10,
    3.128433654114702e-10,
    2.1074377430605298e-10
  ],
  "signal_spectrum": [
    9.75943267352553e-10,
    1.3325191114914678e-08,
    4.583649437929187e-09,
    2.205693173658007e-09,
    2.6510928872276372e-09,
    4.043224140734395e-09,
    2.938651191905874e-09,
    2.9714044544022938e-09,
    5.1679650468431785e-09,
    6.034408943984236e-09,
    2.426754609059013e-08,
    3.620533723975893e-08,
    2.331951879379844e-08,
    4.879196315429805e-08,
    6.911812260778484e-08,
    6.679725338499649e-08,
    5.044097141234298e-08,
    2.5043584955176385e-08,
    8.64590302658512e-09,
    1.9704217380686288e-08,
    2.068091822662829e-08,
    3.170799050679887e-08,
    2.8383288245326178e-08,
    1.4098873985692097e-08,
    6.544149589123462e-09,
    6.203791839012741e-09,
    7.462260540213966e-09,
    6.949267234633236e-09,
    4.7584212049966885e-09,
    6.926728890979825e-09,
    1.1937084040211835e-08,
    1.338048761514119e-08,
    1.0854639549820692e-08,
    6.8983171667956535e-09,
    4.946647938958861e-09,
    2.902020423071632e-09,
    1.787267138144036e-09,
    6.252261075612415e-10,
    6.187005387597547e-10,
    3.844989574109149e-09,
    5.912519989838732e-09,
    3.6786913166539675e-09,
    2.3751523715630844e-09,
    3.0394865217066713e-09,
    3.040966139833917e-09,
    3.2256315821921227e-09,
    4.096475044217942e-09,
    3.596069112013926e-09,
    3.2067330080785456e-09,
    3.00747148673873e-09,
    1.9181391752600146e-09,
    7.884895945714329e-10,
    1.185200756297991e-09,
    1.6447641437622847e-09,
    1.6381574750808555e-09,
    5.955270616509165e-10,
    8.005290430445858e-10,
    9.19194744617719e-10,
    5.050916478488257e-10,
    1.0010413168381133e-09,
    8.859546032870434e-10,
    2.6159584967706417e-10,
    4.61466130164666e-10,
    1.142475059458384e-09,
    1.4527066111407526e-09,
    1.1218492243956856e-09,
    6.324075411243476e-10,
    1.0328265712078173e-10,
    1.3717963217940943e-10,
    1.4609090584676017e-10,
    6.535051091243682e-10,
    1.0883651557384548e-09,
    1.1065457058835268e-09,
    6.678638949849646e-10,
    2.0896913785422194e-10,
    2.132342580873153e-10,
    3.43728885966612e-10,
    3.0251067479923926e-10,
    3.7666072555226956e-10,
    3.6288972020415647e-10,
    3.999124765831389e-10,
    5.537109816048922e-10,
    5.30661941075523e-10,
    2.3044072531939858e-10,
    4.3608727127050535e-11,
    1.4719740545079375e-10,
    1.5801931723247133e-10,
    1.4275476382101014e-10,
    3.2571922621603863e-10,
    4.5799595609246875e-10,
    4.686976714817219e-10,
    5.552054579051167e-10,
    4.874755382130779e-10,
    1.9821434201154394e-10,
    2.2374982130198066e-10,
    4.588013045660852e-10,
    4.129433673944789e-10,
    2.7851107190015093e-10,
    2.2269311416700403e-10,
    2.097953718124822e-10
  ]
}