{
  "station_id": "II.BFO",
  "fmin": 0.1,
  "fmax": 0.7050000000000001,
  "optimal_band": [
    0.1,
    0.7050000000000001
  ],
  "timestamp": "2025-12-22T15:27:00.750993Z",
  "frequencies": [
    0.0,
    0.01,
    0.02,
    0.03,
    0.04,
    0.05,
    0.06,
    0.07,
    0.08,
    0.09,
    0.1,
    0.11,
    0.12,
    0.13,
    0.14,
    0.15,
    0.16,
    0.17,
    0.18,
    0.19,
    0.2,
    0.21,
    0.22,
    0.23,
    0.24,
    0.25,
    0.26,
    0.27,
    0.28,
    0.29,
    0.3,
    0.31,
    0.32,
    0.33,
    0.34,
    0.35000000000000003,
    0.36,
    0.37,
    0.38,
    0.39,
    0.4,
    0.41000000000000003,
    0.42,
    0.43,
    0.44,
    0.45,
    0.46,
    0.47000000000000003,
    0.48,
    0.49,
    0.5,
    0.51,
    0.52,
    0.53,
    0.54,
    0.55,
    0.56,
    0.5700000000000001,
    0.58,
    0.59,
    0.6,
    0.61,
    0.62,
    0.63,
    0.64,
    0.65,
    0.66,
    0.67,
    0.68,
    0.6900000000000001,
    0.7000000000000001,
    0.71,
    0.72,
    0.73,
    0.74,
    0.75,
    0.76,
    0.77,
    0.78,
    0.79,
    0.8,
    0.81,
    0.8200000000000001,
    0.8300000000000001,
    0.84,
    0.85,
    0.86,
    0.87,
    0.88,
    0.89,
    0.9,
    0.91,
    0.92,
    0.93,
    0.9400000000000001,
    0.9500000000000001,
    0.96,
    0.97,
    0.98,
    0.99
  ],
  "noise_spectrum": [
    7.402884310900122e-11,
    8.407570851758349e-11,
    4.709273450688635e-11,
    1.4267090245578021e-10,
    4.10105010061651e-10,
    6.394540570441962e-10,
    8.968166912330053e-10,
    1.4295661214907202e-09,
    1.0133539308480774e-09,
    4.1600049897795297e-10,
    3.392461509740702e-09,
    7.32291736358707e-09,
    3.0271386739533187e-09,
    6.795549572829552e-09,
    7.205166305166846e-09,
    4.568368586577081e-09,
    2.915732004442257e-09,
    2.324512005282111e-09,
    3.1368227794726525e-10,
    2.4781250407555334e-09,
    4.303237329897219e-09,
    3.5743036872743196e-09,
    7.418674829888351e-10,
    3.4482615146008577e-09,
    3.6582094279034798e-09,
    1.905086382666359e-09,
    8.960429133596958e-10,
    7.944831409462147e-10,
    1.0786684808494663e-09,
    2.2038569757473942e-09,
    1.86714017542713e-09,
    1.3717517422722342e-09,
    1.841517963656568e-09,
    1.9561404476787918e-09,
    1.9266685222486962e-09,
    1.1150580361142997e-09,
    2.0535628341666993e-10,
    8.180293348120531e-10,
    8.360909415933676e-10,
    6.860448869050428e-10,
    5.271019064683644e-10,
    3.5978700770099255e-10,
    1.5863946383296787e-10,
    1.515706121012029e-10,
    1.2078493905354106e-10,
    2.358513993602596e-10,
    3.587765388855826e-10,
    1.290280748805656e-10,
    2.651249800807394e-10,
    2.7398014412439214e-10,
    1.561866776726387e-10,
    1.2736563014145307e-10,
    8.767790122070117e-11,
    2.339916207275144e-10,
    1.746051831128787e-10,
    1.5575441980755736e-10,
    2.0570723127673957e-10,
    1.1321462027953572e-10,
    6.561703995424025e-11,
    5.435787458071293e-11,
    3.0855508528044996e-11,
    7.993987133776948e-11,
    8.195616665992016e-11,
    1.9996005623629913e-11,
    4.496209500092791e-11,
    5.618391646968279e-11,
    3.5002153525368803e-11,
    6.786605918259411e-11,
    8.468457079700234e-11,
    1.123338888061383e-10,
    6.303693891971888e-11,
    3.02537571815434e-11,
    9.781304152532228e-11,
    1.1062893271843295e-10,
    7.108071643018871e-11,
    7.925190100805619e-11,
    9.427330521155717e-11,
    4.4457380157866975e-11,
    5.508515811524057e-11,
    9.755488106194979e-11,
    7.227216801360128e-11,
    3.5133869198700367e-11,
    4.0525729399293004e-11,
    6.574490484749243e-11,
    5.672299477653542e-11,
    2.1817094631382417e-11,
    3.013743683735257e-11,
    4.756976714672831e-11,
    5.532442434642671e-11,
    4.2861428526152196e-11,
    1.2535217845066587e-11,
    1.4057715467449914e-11,
    2.0191431664391005e-11,
    4.7746710083781806e-11,
    8.941710723341128e-11,
    7.85233096880305e-11,
    2.3506775452693384e-11,
    8.36301151853152e-12,
    1.7340590858433987e-11,
    2.92749926082382e-11
  ],
  "signal_spectrum": [
    9.44100269817784e-11,
    8.524916585756277e-11,
    1.1276534003958522e-10,
    1.5796668824148504e-10,
    3.879273804766859e-10,
    1.1566595544361095e-09,
    1.6902446356928635e-09,
    1.3376437512101767e-09,
    7.86640180715824e-10,
    1.3732789750632956e-09,
    1.2112913785185373e-09,
    3.5474594241450194e-09,
    5.38132800327792e-09,
    1.0781296548744335e-09,
    4.4454513734080915e-09,
    6.252479259058661e-09,
    6.886462884285781e-09,
    4.535565109404449e-09,
    4.8455985997054545e-09,
    4.956978715363538e-09,
    4.6241415784888185e-09,
    5.345611998122392e-09,
    7.18396537277409e-09,
    8.712786120466425e-09,
    5.653364181706292e-09,
    9.579831248578014e-10,
    1.3016306680704826e-09,
    7.799776595363132e-10,
    1.7161339311326318e-09,
    2.036370939577986e-09,
    1.5358619907586819e-09,
    1.1494036637794905e-09,
    1.663745401768738e-09,
    2.0501021630031833e-09,
    1.3693797039252185e-09,
    6.234837397704547e-10,
    6.665040147438129e-10,
    1.1475858832151532e-10,
    3.0713301654379023e-10,
    6.348704779859053e-10,
    4.852853273364169e-10,
    1.6730246823083003e-10,
    1.0976994502095453e-10,
    2.33017362840591e-10,
    5.778186176045952e-10,
    7.482663329807658e-10,
    4.996861465097276e-10,
    1.3137769079037383e-10,
    2.6321073844876783e-10,
    2.4819374419122584e-10,
    7.80098383351823e-11,
    2.1583264227452228e-10,
    1.8650105774030076e-10,
    1.8261476405057965e-10,
    1.8591464501361735e-10,
    1.5183529909531697e-10,
    1.2389766021758691e-10,
    1.4414692087456547e-10,
    4.6272643104764595e-11,
    9.502415607310056e-11,
    1.094715339817511e-10,
    1.0961557359892863e-10,
    1.4350546645136698e-10,
    1.3574594069912683e-10,
    9.943643081856908e-11,
    6.129221955616738e-11,
    1.0646047027344432e-11,
    4.884211071255301e-11,
    4.8811322878905474e-11,
    8.589965614576754e-11,
    1.1621301593986565e-10,
    5.992158754226013e-11,
    1.8563997683366922e-11,
    3.0432856213735644e-11,
    3.233153571419312e-11,
    2.7394132989196388e-11,
    5.981569030266486e-11,
    5.3880621192331754e-11,
    4.688829525866491e-11,
    6.597868672084886e-11,
    6.31535233874282e-11,
    4.052846773558542e-11,
    1.443047607057101e-11,
    1.4184038797323411e-11,
    4.262125715441619e-11,
    5.982151969302078e-11,
    3.290717631548763e-11,
    1.991997147465499e-12,
    6.052306876919863e-12,
    1.2895069214264121e-11,
    1.6511600609390345e-11,
    8.967914341335471e-12,
    1.897310312214783e-11,
    2.708061234356489e-11,
    5.663468770060117e-11,
    5.336939688198702e-11,
    4.270102323704042e-12,
    4.0957018475177306e-11,
    5.856035054576595e-11,
    4.8958528003397206e-11
  ]
}