{
  "station_id": "IU.KONO",
  "fmin": 0.1,
  "fmax": 1.0375,
  "optimal_band": [
    0.1,
    1.0375
  ],
  "timestamp": "2025-12-22T15:27:00.905502Z",
  "frequencies": [
    0.0,
    0.01,
    0.02,
    0.03,
    0.04,
    0.05,
    0.06,
    0.07,
    0.08,
    0.09,
    0.1,
    0.11,
    0.12,
    0.13,
    0.14,
    0.15,
    0.16,
    0.17,
    0.18,
    0.19,
    0.2,
    0.21,
    0.22,
    0.23,
    0.24,
    0.25,
    0.26,
    0.27,
    0.28,
    0.29,
    0.3,
    0.31,
    0.32,
    0.33,
    0.34,
    0.35000000000000003,
    0.36,
    0.37,
    0.38,
    0.39,
    0.4,
    0.41000000000000003,
    0.42,
    0.43,
    0.44,
    0.45,
    0.46,
    0.47000000000000003,
    0.48,
    0.49,
    0.5,
    0.51,
    0.52,
    0.53,
    0.54,
    0.55,
    0.56,
    0.5700000000000001,
    0.58,
    0.59,
    0.6,
    0.61,
    0.62,
    0.63,
    0.64,
    0.65,
    0.66,
    0.67,
    0.68,
    0.6900000000000001,
    0.7000000000000001,
    0.71,
    0.72,
    0.73,
    0.74,
    0.75,
    0.76,
    0.77,
    0.78,
    0.79,
    0.8,
    0.81,
    0.8200000000000001,
    0.8300000000000001,
    0.84,
    0.85,
    0.86,
    0.87,
    0.88,
    0.89,
    0.9,
    0.91,
    0.92,
    0.93,
    0.9400000000000001,
    0.9500000000000001,
    0.96,
    0.97,
    0.98,
    0.99
  ],
  "noise_spectrum": [
    1.4917796516238561e-10,
    1.6548961637829053e-10,
    7.237635561148236e-11,
    1.765623196442697e-11,
    1.7382358867033766e-10,
    4.071593712854377e-10,
    5.912550555610001e-10,
    5.883341502764031e-10,
    3.84288884709025e-10,
    7.714434021938097e-10,
    2.2724548533171806e-09,
    7.230919769485981e-09,
    8.88922979697163e-09,
    4.458333063505619e-09,
    2.4115051831700937e-09,
    9.89264617161853e-10,
    9.892494108912169e-09,
    1.5338991774385148e-08,
    1.1379234051391859e-08,
    2.615853413928642e-09,
    5.667174475063523e-09,
    9.805437128102028e-09,
    1.0247276489771112e-08,
    6.145738202475092e-09,
    1.72044990198017e-09,
    3.674785713589799e-09,
    7.99505135947775e-09,
    6.888829122769629e-09,
    7.299922672323781e-09,
    5.366666261220001e-09,
    3.898088022398044e-09,
    1.9724297445672613e-09,
    2.079252281273534e-09,
    8.939771345957664e-10,
    2.601886786103814e-09,
    2.8855387249939462e-09,
    6.177761934517208e-10,
    1.4248803252917806e-09,
    1.3827235027707308e-09,
    1.4254771699060165e-09,
    1.8949668294264258e-09,
    1.4114329752488617e-09,
    5.556990239380864e-10,
    6.468657482683947e-10,
    5.814011421663422e-10,
    3.090550632285348e-10,
    1.3324840855451618e-10,
    5.09983433319665e-10,
    2.9631068969363997e-10,
    5.656486643018598e-10,
    5.152738916180843e-10,
    2.861382389339064e-10,
    1.0140656040249527e-10,
    5.766679698538569e-10,
    7.048883200172995e-10,
    3.8290636476411116e-10,
    1.5441931366649145e-10,
    1.5962651656357956e-10,
    5.261994944264562e-10,
    6.982212733771156e-10,
    4.512503619533567e-10,
    3.713629647561613e-10,
    2.7990268601831295e-10,
    9.931914600897774e-11,
    3.265829177968483e-10,
    1.8581554106612403e-10,
    8.267224598464806e-11,
    2.593852799241779e-10,
    5.284467111576478e-10,
    5.079841245639925e-10,
    4.3177538484441177e-10,
    3.651610995589568e-10,
    2.356275778661901e-10,
    2.202346754775361e-10,
    3.2422917942310386e-10,
    2.1582700675821452e-10,
    1.073645245987693e-10,
    1.1159974030500383e-10,
    1.900775362832436e-10,
    2.398914203434778e-10,
    2.2724026197019432e-10,
    3.949244052498385e-11,
    2.570878709247903e-10,
    2.9755389915529135e-10,
    2.0024050446493675e-10,
    1.8654685866338737e-10,
    1.1887243026024978e-10,
    9.503133626587738e-11,
    1.6552510875116826e-10,
    1.3917519238436513e-10,
    2.125060901430973e-11,
    1.2404422985694523e-10,
    1.7350968034771406e-10,
    1.274758591727564e-10,
    7.745290377123825e-11,
    4.386788779141014e-11,
    2.8676821317454815e-11,
    8.134979093503685e-11,
    8.813378692180692e-11,
    6.845679910684286e-11
  ],
  "signal_spectrum": [
    7.23218918039677e-11,
    1.0776863882989713e-10,
    1.1632954268028759e-10,
    9.13592230118986e-11,
    2.6910463086161436e-10,
    4.215515050250382e-10,
    2.2853567825740407e-10,
    4.74911574251578e-10,
    8.055832306567051e-10,
    2.1349998903688253e-09,
    3.72580878128256e-09,
    5.236917832316495e-09,
    7.585513784698252e-09,
    6.698534216190026e-09,
    2.1662308902458545e-09,
    1.912217479472806e-09,
    1.4092465542150915e-09,
    3.789799080523771e-09,
    7.020889152848389e-09,
    7.4273902908122175e-09,
    6.171616474052072e-09,
    3.6091185679477757e-09,
    5.668613473095834e-09,
    9.019160689165652e-09,
    7.868555546431558e-09,
    4.638528050314301e-09,
    4.785631775286767e-09,
    6.9748721298300554e-09,
    6.031646623521974e-09,
    5.201949633467784e-09,
    4.720727812806927e-09,
    3.853152686787664e-09,
    4.512313360986146e-09,
    4.953313655103457e-09,
    4.003556016834024e-09,
    2.1640232315522853e-09,
    1.1306988792219688e-09,
    5.77603297557534e-10,
    1.1100720463863597e-09,
    2.0573846425873405e-09,
    2.0587914057957064e-09,
    2.1122915941942158e-09,
    1.6384098939985386e-09,
    1.1383587371980702e-09,
    7.107773491535816e-10,
    2.5837386444005343e-10,
    8.818150061265077e-10,
    9.090521990966303e-10,
    6.075704883677145e-10,
    4.632809221587352e-10,
    5.966571929311832e-10,
    5.797176003578781e-10,
    3.4062196952605244e-10,
    2.4093560098710315e-10,
    2.3110223728701161e-10,
    2.8518138038743453e-10,
    4.471430107248363e-10,
    4.542001966664413e-10,
    3.96961639832159e-10,
    4.1738206990859094e-10,
    3.42143205419323e-10,
    3.030155284117744e-10,
    2.6779508706245556e-10,
    2.5488615220787864e-10,
    3.284657811058443e-10,
    3.3285375762320005e-10,
    2.263669780972653e-10,
    1.5313821973728372e-10,
    2.2246330000529178e-10,
    1.3614192856257836e-10,
    3.17673329853912e-10,
    5.480280701891894e-10,
    5.057050103216578e-10,
    3.006019678437744e-10,
    1.586097177151054e-10,
    2.703891871388882e-10,
    1.8381921984734227e-10,
    7.990465087045214e-11,
    7.652692791300972e-11,
    1.5715934909458977e-10,
    1.6329993118906127e-10,
    4.157715757632095e-11,
    8.690319358360166e-11,
    1.8235354355796132e-10,
    1.8453790176098428e-10,
    1.1661831930117925e-10,
    7.739704885636371e-11,
    5.78892613435726e-11,
    1.0730879744859079e-10,
    1.1551278337711591e-10,
    7.120070589443405e-11,
    7.69233140828867e-11,
    6.697584784087046e-11,
    9.158726467059028e-11,
    1.625085438375555e-10,
    2.1279249858307186e-10,
    1.8568845294985488e-10,
    1.3755200829508952e-10,
    1.2457243111036177e-10,
    4.977939579514512e-11
  ]
}