{
  "station_id": "KONO",
  "fmin": 0.1,
  "fmax": 4.0,
  "optimal_band": [
    0.1,
    4.0
  ],
  "timestamp": "2025-12-22T20:24:20.336626Z",
  "frequencies": [
    0.0,
    0.01,
    0.02,
    0.03,
    0.04,
    0.05,
    0.06,
    0.07,
    0.08,
    0.09,
    0.1,
    0.11,
    0.12,
    0.13,
    0.14,
    0.15,
    0.16,
    0.17,
    0.18,
    0.19,
    0.2,
    0.21,
    0.22,
    0.23,
    0.24,
    0.25,
    0.26,
    0.27,
    0.28,
    0.29,
    0.3,
    0.31,
    0.32,
    0.33,
    0.34,
    0.35000000000000003,
    0.36,
    0.37,
    0.38,
    0.39,
    0.4,
    0.41000000000000003,
    0.42,
    0.43,
    0.44,
    0.45,
    0.46,
    0.47000000000000003,
    0.48,
    0.49,
    0.5,
    0.51,
    0.52,
    0.53,
    0.54,
    0.55,
    0.56,
    0.5700000000000001,
    0.58,
    0.59,
    0.6,
    0.61,
    0.62,
    0.63,
    0.64,
    0.65,
    0.66,
    0.67,
    0.68,
    0.6900000000000001,
    0.7000000000000001,
    0.71,
    0.72,
    0.73,
    0.74,
    0.75,
    0.76,
    0.77,
    0.78,
    0.79,
    0.8,
    0.81,
    0.8200000000000001,
    0.8300000000000001,
    0.84,
    0.85,
    0.86,
    0.87,
    0.88,
    0.89,
    0.9,
    0.91,
    0.92,
    0.93,
    0.9400000000000001,
    0.9500000000000001,
    0.96,
    0.97,
    0.98,
    0.99
  ],
  "noise_spectrum": [
    1.4917796535177125e-10,
    1.6548961756114492e-10,
    7.237635555206415e-11,
    1.7656232799295388e-11,
    1.7382358938125506e-10,
    4.071593712039631e-10,
    5.912550546760067e-10,
    5.883341501496405e-10,
    3.8428888464672917e-10,
    7.714434028765793e-10,
    2.2724548525962824e-09,
    7.2309197690485985e-09,
    8.889229797657424e-09,
    4.4583330639231715e-09,
    2.4115051826265347e-09,
    9.892646168739758e-10,
    9.892494108363612e-09,
    1.5338991775006893e-08,
    1.1379234051987118e-08,
    2.6158534135437012e-09,
    5.667174474905168e-09,
    9.805437127288192e-09,
    1.0247276490089094e-08,
    6.1457382032360705e-09,
    1.7204499013811476e-09,
    3.6747857127337604e-09,
    7.995051359252484e-09,
    6.8888291232120245e-09,
    7.299922673106783e-09,
    5.366666262008136e-09,
    3.898088022557496e-09,
    1.972429743885739e-09,
    2.079252282126889e-09,
    8.939771337854888e-10,
    2.6018867867991406e-09,
    2.885538725323245e-09,
    6.177761927223721e-10,
    1.4248803251945908e-09,
    1.3827235019304502e-09,
    1.4254771698522878e-09,
    1.8949668302593578e-09,
    1.4114329752775372e-09,
    5.556990231875692e-10,
    6.46865749105794e-10,
    5.814011418460075e-10,
    3.0905506256910783e-10,
    1.332484086114509e-10,
    5.099834325262702e-10,
    2.9631068932139535e-10,
    5.656486641115905e-10,
    5.152738924528154e-10,
    2.8613823861473254e-10,
    1.0140656073865669e-10,
    5.766679693760417e-10,
    7.0488831923696e-10,
    3.829063650382445e-10,
    1.544193135350354e-10,
    1.5962651684357807e-10,
    5.261994948757343e-10,
    6.982212727701404e-10,
    4.5125036115540564e-10,
    3.7136296423119106e-10,
    2.7990268649958426e-10,
    9.93191463807317e-11,
    3.265829186274528e-10,
    1.858155411641673e-10,
    8.267224680530335e-11,
    2.593852807552078e-10,
    5.284467115157654e-10,
    5.07984124040954e-10,
    4.317753840613076e-10,
    3.6516109973211016e-10,
    2.356275786562589e-10,
    2.2023467629250053e-10,
    3.2422917975269165e-10,
    2.158270059406182e-10,
    1.0736452492694782e-10,
    1.1159974070597638e-10,
    1.9007753710089484e-10,
    2.3989142096669445e-10,
    2.2724026169126424e-10,
    3.949244058190073e-11,
    2.570878710751451e-10,
    2.975538984006872e-10,
    2.0024050376383547e-10,
    1.8654685838762911e-10,
    1.1887243068849664e-10,
    9.503133638062486e-11,
    1.6552510939320815e-10,
    1.39175193123184e-10,
    2.1250608378093718e-11,
    1.2404423056197094e-10,
    1.7350968092038533e-10,
    1.2747585883331404e-10,
    7.745290297795318e-11,
    4.386788766124341e-11,
    2.867682088496489e-11,
    8.134979075174154e-11,
    8.813378773457372e-11,
    6.845679879511661e-11
  ],
  "signal_spectrum": [
    7.232188980386386e-11,
    1.0776863740717517e-10,
    1.1632953796679325e-10,
    9.135922121718033e-11,
    2.6910462774984336e-10,
    4.21551498140944e-10,
    2.2853567481879938e-10,
    4.749115872141849e-10,
    8.055832314282342e-10,
    2.1349998863133994e-09,
    3.725808779924811e-09,
    5.236917832307338e-09,
    7.58551378186856e-09,
    6.698534208692315e-09,
    2.166230886091869e-09,
    1.912217473134456e-09,
    1.4092465532263109e-09,
    3.789799076280115e-09,
    7.020889143316908e-09,
    7.427390278638421e-09,
    6.171616464967012e-09,
    3.6091185651542603e-09,
    5.668613474447217e-09,
    9.019160693363056e-09,
    7.868555544196369e-09,
    4.638528038647722e-09,
    4.785631766845482e-09,
    6.9748721240228075e-09,
    6.031646622172259e-09,
    5.20194962780691e-09,
    4.720727807544817e-09,
    3.853152678745685e-09,
    4.512313351810636e-09,
    4.9533136515108955e-09,
    4.003556012245055e-09,
    2.1640232141547683e-09,
    1.130698838951569e-09,
    5.77603259864785e-10,
    1.110072062968787e-09,
    2.0573846446905092e-09,
    2.0587913999380174e-09,
    2.1122915878907405e-09,
    1.6384098907731052e-09,
    1.1383587364440458e-09,
    7.107773468742263e-10,
    2.5837385972092295e-10,
    8.818150075122471e-10,
    9.090521990938706e-10,
    6.075704847434931e-10,
    4.6328091618751695e-10,
    5.966571864777301e-10,
    5.797175975550172e-10,
    3.4062196938990053e-10,
    2.409355996322843e-10,
    2.3110223763145505e-10,
    2.851813810623396e-10,
    4.47143007436007e-10,
    4.542001922820996e-10,
    3.9696164168258334e-10,
    4.173820834458387e-10,
    3.421432208070488e-10,
    3.030155384522925e-10,
    2.6779508954890413e-10,
    2.5488615444420465e-10,
    3.2846578450186175e-10,
    3.328537609985509e-10,
    2.2636698072745544e-10,
    1.5313821362723257e-10,
    2.224632976371396e-10,
    1.361419193474667e-10,
    3.176733206579983e-10,
    5.480280745708891e-10,
    5.057050379603022e-10,
    3.0060200711714356e-10,
    1.58609715995948e-10,
    2.703891801920513e-10,
    1.8381922559956835e-10,
    7.990467768511923e-11,
    7.652693381775221e-11,
    1.5715935476016397e-10,
    1.6329994080879002e-10,
    4.157715414939956e-11,
    8.690318976179355e-11,
    1.8235353552686949e-10,
    1.8453789679307918e-10,
    1.1661831984931845e-10,
    7.73970568353795e-11,
    5.788927263863384e-11,
    1.07308809156916e-10,
    1.1551279435553212e-10,
    7.120072360869342e-11,
    7.692332345011196e-11,
    6.697584320632777e-11,
    9.158727026550676e-11,
    1.6250854569895086e-10,
    2.127925000386477e-10,
    1.856884561926545e-10,
    1.3755200833605996e-10,
    1.2457242919360732e-10,
    4.9779390725092894e-11
  ]
}