{
  "station_id": "PET",
  "fmin": 0.1,
  "fmax": 4.0,
  "optimal_band": [
    0.1,
    4.0
  ],
  "timestamp": "2025-12-22T20:28:01.262142Z",
  "frequencies": [
    0.0,
    0.01,
    0.02,
    0.03,
    0.04,
    0.05,
    0.06,
    0.07,
    0.08,
    0.09,
    0.1,
    0.11,
    0.12,
    0.13,
    0.14,
    0.15,
    0.16,
    0.17,
    0.18,
    0.19,
    0.2,
    0.21,
    0.22,
    0.23,
    0.24,
    0.25,
    0.26,
    0.27,
    0.28,
    0.29,
    0.3,
    0.31,
    0.32,
    0.33,
    0.34,
    0.35000000000000003,
    0.36,
    0.37,
    0.38,
    0.39,
    0.4,
    0.41000000000000003,
    0.42,
    0.43,
    0.44,
    0.45,
    0.46,
    0.47000000000000003,
    0.48,
    0.49,
    0.5,
    0.51,
    0.52,
    0.53,
    0.54,
    0.55,
    0.56,
    0.5700000000000001,
    0.58,
    0.59,
    0.6,
    0.61,
    0.62,
    0.63,
    0.64,
    0.65,
    0.66,
    0.67,
    0.68,
    0.6900000000000001,
    0.7000000000000001,
    0.71,
    0.72,
    0.73,
    0.74,
    0.75,
    0.76,
    0.77,
    0.78,
    0.79,
    0.8,
    0.81,
    0.8200000000000001,
    0.8300000000000001,
    0.84,
    0.85,
    0.86,
    0.87,
    0.88,
    0.89,
    0.9,
    0.91,
    0.92,
    0.93,
    0.9400000000000001,
    0.9500000000000001,
    0.96,
    0.97,
    0.98,
    0.99
  ],
  "noise_spectrum": [
    5.1714147779970996e-11,
    3.2333901966669885e-11,
    4.2904401727091464e-11,
    3.115201131659027e-11,
    6.223561251213388e-11,
    1.0091986332937102e-10,
    3.027663398407974e-10,
    5.267727292924652e-10,
    6.439790450336845e-10,
    3.270778723078487e-10,
    3.9933676183096127e-10,
    6.006067946643983e-10,
    2.835384102067039e-10,
    1.3198663848967077e-10,
    2.348121857493128e-10,
    3.755277078078324e-10,
    6.020622911134867e-10,
    1.0405401390058437e-09,
    2.557904458389796e-10,
    1.512585824018437e-09,
    2.169330563835863e-09,
    4.5170781990438124e-09,
    6.164593211442663e-09,
    1.8669647873248404e-09,
    4.27055135804228e-09,
    5.1765840353593726e-09,
    6.326770119656539e-09,
    5.057057777425871e-09,
    7.390223342121948e-09,
    7.721346192717248e-09,
    5.962855547531101e-09,
    7.352412875720313e-09,
    6.536095843115448e-09,
    3.967653568775803e-09,
    3.087965361668195e-09,
    3.264013420497111e-09,
    1.9163062152469206e-09,
    3.781479713873241e-10,
    1.4083971586692812e-09,
    2.1711714684439233e-09,
    1.8187090192599962e-09,
    1.8739152463220318e-09,
    1.8870097413623323e-09,
    1.604739545155755e-09,
    9.521623840672888e-10,
    1.646868768143594e-09,
    2.691550241189435e-09,
    2.555727700089653e-09,
    1.785793322132345e-09,
    1.2766124051491883e-09,
    1.1953219697631369e-09,
    1.1588059028790257e-09,
    5.044271732099382e-10,
    1.2908666331219338e-10,
    5.837090326506589e-10,
    1.0647428175760406e-09,
    1.480842846171772e-09,
    1.01708011834128e-09,
    6.997445639625667e-10,
    2.362261412037325e-09,
    2.616005652428797e-09,
    1.4058783306587974e-09,
    5.623161008521976e-10,
    8.529359502110803e-11,
    2.3899426761301e-10,
    6.305514530069833e-10,
    1.213725523770948e-09,
    6.562385869020381e-10,
    1.6865286797686058e-09,
    2.2989069224358614e-09,
    2.497327239610106e-09,
    2.3035729333919908e-09,
    1.3936216595921093e-09,
    4.947531889180839e-10,
    3.367399678327634e-10,
    2.652671148802612e-10,
    6.735680723259374e-11,
    8.982877274200646e-10,
    1.6376155477923782e-09,
    1.299649002999684e-09,
    8.033986352051164e-10,
    7.252861433399977e-10,
    9.92819021252403e-10,
    1.1485089708610828e-09,
    7.285547946370304e-10,
    2.7441198024531263e-10,
    8.611129244874656e-10,
    7.680627321079902e-10,
    4.627215424694529e-10,
    5.283482565788627e-10,
    6.531517508227393e-10,
    4.338627094201201e-10,
    4.1513139832131814e-10,
    5.669838321175853e-10,
    3.60352974992772e-10,
    2.0092789514289124e-10,
    1.3429130076435052e-10,
    3.4370156346838396e-10,
    6.63017973697645e-10,
    6.996439937735933e-10
  ],
  "signal_spectrum": [
    9.654120586114536e-11,
    1.331588386393107e-10,
    1.2485320591329295e-10,
    6.276015495813775e-11,
    9.049525516601064e-11,
    2.8267649712054946e-10,
    2.4426555351142906e-10,
    6.950257279661373e-10,
    1.1449319116638224e-09,
    9.86878754752253e-10,
    9.190923803929739e-10,
    8.862098563872695e-10,
    4.0963048993093747e-10,
    4.3156114069390276e-10,
    8.543523348318743e-10,
    1.3475675829677244e-09,
    1.5764103484629057e-09,
    1.0187738229925985e-09,
    1.1519226953204498e-09,
    3.0331499559189082e-09,
    2.27652670866454e-09,
    2.0541775327272554e-09,
    3.983285896758797e-09,
    4.492897183902234e-09,
    5.556803175991475e-09,
    5.393473894087408e-09,
    7.3321549327939125e-09,
    1.2364910528084232e-08,
    1.1817550483633544e-08,
    4.9920556773296004e-09,
    7.27549645855349e-10,
    1.6466290305038694e-09,
    3.37883328028617e-09,
    3.7456107000978125e-09,
    2.811862952293918e-09,
    1.453244028027414e-09,
    1.058723908017505e-09,
    1.025716483994789e-09,
    2.262339603327734e-09,
    2.1205256107053423e-09,
    3.203034659856461e-09,
    4.406487959159484e-09,
    3.6492146344387664e-09,
    2.08254494343136e-09,
    2.6964785879769425e-10,
    2.330859555526583e-09,
    2.6726140679578285e-09,
    2.229586085028139e-09,
    2.0017021734141774e-09,
    1.3220445243471894e-09,
    9.391190366483467e-10,
    9.961090014459403e-10,
    1.2413233266279405e-09,
    1.0033528733839454e-09,
    8.802914058818836e-10,
    9.773083197128192e-10,
    8.626400472219253e-10,
    1.1019487426969834e-09,
    1.2566686982893584e-09,
    4.224025737834677e-10,
    8.90049223331798e-10,
    1.4812913138998909e-09,
    1.0412772521993774e-09,
    5.080258950405499e-10,
    1.1186685144103297e-09,
    1.5723149777496276e-09,
    1.5828524701513124e-09,
    1.4557106188927042e-09,
    7.547503620714059e-10,
    2.3636795583226216e-10,
    3.877273153862949e-10,
    8.932541437230853e-10,
    4.861926862120858e-10,
    9.144769226394619e-11,
    2.702575266119263e-10,
    6.065663680386456e-10,
    8.293190991428567e-10,
    5.447895889636268e-10,
    7.540203413756679e-10,
    6.718347989759658e-10,
    1.4269290418293104e-10,
    1.208960298563698e-10,
    4.131919866544467e-10,
    9.798440853463032e-10,
    9.844800854382535e-10,
    6.161786606118486e-10,
    2.762077100793537e-10,
    1.9811557448921395e-10,
    5.149225771697665e-10,
    6.977876543821194e-10,
    7.498577346838492e-10,
    8.390593629219772e-10,
    8.059310476310823e-10,
    7.190397873722889e-10,
    4.805610053811924e-10,
    8.434027704427253e-11,
    2.9299390448747896e-10,
    2.104600706493672e-10,
    1.3591934271258873e-10,
    3.697196282379497e-10
  ]
}