{
  "station_id": "ULN",
  "fmin": 0.1,
  "fmax": 4.0,
  "optimal_band": [
    0.1,
    4.0
  ],
  "timestamp": "2025-12-22T20:33:25.256442Z",
  "frequencies": [
    0.0,
    0.01,
    0.02,
    0.03,
    0.04,
    0.05,
    0.06,
    0.07,
    0.08,
    0.09,
    0.1,
    0.11,
    0.12,
    0.13,
    0.14,
    0.15,
    0.16,
    0.17,
    0.18,
    0.19,
    0.2,
    0.21,
    0.22,
    0.23,
    0.24,
    0.25,
    0.26,
    0.27,
    0.28,
    0.29,
    0.3,
    0.31,
    0.32,
    0.33,
    0.34,
    0.35000000000000003,
    0.36,
    0.37,
    0.38,
    0.39,
    0.4,
    0.41000000000000003,
    0.42,
    0.43,
    0.44,
    0.45,
    0.46,
    0.47000000000000003,
    0.48,
    0.49,
    0.5,
    0.51,
    0.52,
    0.53,
    0.54,
    0.55,
    0.56,
    0.5700000000000001,
    0.58,
    0.59,
    0.6,
    0.61,
    0.62,
    0.63,
    0.64,
    0.65,
    0.66,
    0.67,
    0.68,
    0.6900000000000001,
    0.7000000000000001,
    0.71,
    0.72,
    0.73,
    0.74,
    0.75,
    0.76,
    0.77,
    0.78,
    0.79,
    0.8,
    0.81,
    0.8200000000000001,
    0.8300000000000001,
    0.84,
    0.85,
    0.86,
    0.87,
    0.88,
    0.89,
    0.9,
    0.91,
    0.92,
    0.93,
    0.9400000000000001,
    0.9500000000000001,
    0.96,
    0.97,
    0.98,
    0.99
  ],
  "noise_spectrum": [
    6.4373005727421e-12,
    1.0769401227641739e-10,
    8.239728391802403e-11,
    6.7730153700421e-11,
    1.159908567855867e-10,
    1.9178232864127765e-10,
    2.0121317964086128e-10,
    1.556764383533509e-10,
    1.3641072674234845e-10,
    1.2160043872000813e-10,
    3.028318072596356e-10,
    3.2229736912319396e-10,
    2.584125574134839e-10,
    5.080825789136713e-10,
    7.858268222336159e-10,
    1.0874036058008064e-09,
    1.2107194091266348e-09,
    7.991029472738726e-10,
    3.3981326085330435e-10,
    6.101410358185202e-10,
    1.9221956261992852e-10,
    5.619278240216048e-10,
    7.572209998031705e-10,
    5.735163350003706e-10,
    2.2227779199454373e-10,
    3.094160601644681e-10,
    2.3773814433980503e-10,
    2.58442000623192e-10,
    3.223717646576874e-10,
    4.544190713681378e-10,
    3.389516108985261e-10,
    1.4995396151735904e-10,
    1.9578048916445456e-10,
    1.3933280466191224e-10,
    1.761985290366792e-10,
    2.6781751734438036e-10,
    2.1100864949073086e-10,
    6.716092364958739e-11,
    4.944753783971672e-11,
    9.1044985779544e-11,
    9.255994542996687e-11,
    1.0875075492639627e-10,
    1.6741523684720218e-10,
    1.6327789632224654e-10,
    1.54496344507414e-10,
    2.066782093986221e-10,
    1.6622447818266175e-10,
    1.1332451786513523e-10,
    1.4663997370576872e-10,
    1.0317252702552095e-10,
    5.663751158436085e-11,
    9.557157995049144e-11,
    6.107793371637105e-11,
    9.344936432429487e-11,
    1.1883317090447345e-10,
    7.004208124839612e-11,
    5.759609635440792e-11,
    8.821455323708316e-11,
    6.93797738556804e-11,
    5.442479480339877e-11,
    8.559853049154225e-11,
    7.481124081404609e-11,
    4.0346361340134756e-11,
    2.5870562618988737e-11,
    2.043172832974855e-12,
    2.0124589926123163e-11,
    1.2843724562098705e-11,
    2.800589043363611e-11,
    1.7000000144060566e-11,
    2.164746728375208e-11,
    2.6843311928094537e-11,
    2.9918788889043735e-11,
    3.3765146243164106e-11,
    1.5415159832479558e-11,
    1.2435804211940875e-11,
    1.932882921302748e-11,
    1.3941792437047429e-11,
    1.5505844273909213e-11,
    4.320311435858759e-12,
    2.732318907815296e-11,
    2.465504075753202e-11,
    2.4886092118775404e-11,
    1.2164315456157994e-11,
    4.3621417432407805e-12,
    1.0841515835472338e-11,
    1.49219480315673e-11,
    1.706861266090009e-11,
    2.0635446151756986e-11,
    2.7459619819407387e-11,
    2.4217815261538293e-11,
    1.562741817150172e-11,
    8.958349914565253e-12,
    4.021483247562477e-12,
    1.0390545183564114e-11,
    9.629556528389618e-12,
    6.620639409512845e-12,
    1.1642761581814393e-11,
    1.3507724096402404e-11,
    1.7494383448856162e-11,
    1.2844385804655304e-11
  ],
  "signal_spectrum": [
    7.635560573977609e-12,
    9.034584267604411e-11,
    3.0927024648580225e-11,
    1.5402415441253553e-10,
    1.7363333685361703e-10,
    7.280201591634497e-11,
    4.977529922975452e-10,
    6.810403424444528e-10,
    3.5617310728815104e-10,
    2.2911210654229347e-10,
    6.847899617184897e-10,
    9.006635654754154e-10,
    7.211421524266158e-10,
    2.2473303751173373e-10,
    2.524791451669601e-10,
    4.5112955118561445e-10,
    6.746955800554541e-10,
    9.338100411301904e-10,
    1.0646358413395582e-09,
    1.196773100475559e-09,
    1.1750563292432506e-09,
    6.388919252764962e-10,
    3.677828231600051e-10,
    5.211515402255751e-10,
    4.147593216271457e-10,
    3.43631831870696e-10,
    6.049762939527797e-10,
    7.698136160919271e-10,
    9.428570136981739e-10,
    8.63952098823436e-10,
    7.821452250638631e-10,
    6.520311225578197e-10,
    5.17994806834504e-10,
    4.286721449279539e-10,
    3.620832425260391e-10,
    3.8342412157256537e-10,
    4.0180161525805027e-10,
    4.691556923459582e-10,
    3.7011023614497083e-10,
    2.1222599940318479e-10,
    1.5778292819779706e-10,
    1.3228894976556227e-10,
    1.2496015063913557e-10,
    1.4488991508858576e-10,
    1.5701265959741365e-10,
    1.4640520424987388e-10,
    1.0871588799618077e-10,
    9.288144630901405e-11,
    1.5871569890365003e-10,
    1.9733864558081244e-10,
    1.368307343303392e-10,
    4.940912551447854e-11,
    3.500020060602208e-11,
    6.771508771027842e-11,
    6.49017753184156e-11,
    1.8406064656047378e-11,
    4.627686156816462e-11,
    3.9984753817177696e-11,
    1.8598056714824943e-11,
    5.1685247486527727e-11,
    5.1090829214822083e-11,
    7.761067943792679e-11,
    9.500866415125062e-11,
    7.285628485708572e-11,
    3.60403529295668e-11,
    2.583919892517761e-11,
    7.042135421534192e-12,
    3.367788524921334e-11,
    5.164886199086086e-11,
    5.1343880402912734e-11,
    5.3719185258208736e-11,
    4.567569324986081e-11,
    2.53491266115121e-11,
    1.9872688348621084e-11,
    1.1827835160375724e-11,
    2.354578724194581e-11,
    2.99943615396202e-11,
    2.6244880955111737e-11,
    1.86891422428274e-11,
    1.9974636529929176e-11,
    1.8190152606840155e-11,
    1.3097562577908155e-11,
    1.9623989252887028e-11,
    1.5673380028280822e-11,
    8.239241535133198e-12,
    1.0327972934319313e-11,
    1.4396568416017171e-11,
    1.3770494627797924e-11,
    6.473725474508192e-12,
    1.4113694378460694e-11,
    3.891462529801539e-11,
    3.950753473953686e-11,
    2.1596818610191412e-11,
    1.498548301310782e-11,
    1.6226764860019164e-11,
    2.1627443764367403e-11,
    1.788597874982969e-11,
    1.7378316931471084e-12,
    5.493143596940277e-12,
    2.1844733067728504e-12
  ]
}