{
  "station_id": "ULN",
  "fmin": 0.1,
  "fmax": 4.0,
  "optimal_band": [
    0.1,
    4.0
  ],
  "timestamp": "2025-12-24T20:33:32.467279Z",
  "frequencies": [
    0.0,
    0.01,
    0.02,
    0.03,
    0.04,
    0.05,
    0.06,
    0.07,
    0.08,
    0.09,
    0.1,
    0.11,
    0.12,
    0.13,
    0.14,
    0.15,
    0.16,
    0.17,
    0.18,
    0.19,
    0.2,
    0.21,
    0.22,
    0.23,
    0.24,
    0.25,
    0.26,
    0.27,
    0.28,
    0.29,
    0.3,
    0.31,
    0.32,
    0.33,
    0.34,
    0.35000000000000003,
    0.36,
    0.37,
    0.38,
    0.39,
    0.4,
    0.41000000000000003,
    0.42,
    0.43,
    0.44,
    0.45,
    0.46,
    0.47000000000000003,
    0.48,
    0.49,
    0.5,
    0.51,
    0.52,
    0.53,
    0.54,
    0.55,
    0.56,
    0.5700000000000001,
    0.58,
    0.59,
    0.6,
    0.61,
    0.62,
    0.63,
    0.64,
    0.65,
    0.66,
    0.67,
    0.68,
    0.6900000000000001,
    0.7000000000000001,
    0.71,
    0.72,
    0.73,
    0.74,
    0.75,
    0.76,
    0.77,
    0.78,
    0.79,
    0.8,
    0.81,
    0.8200000000000001,
    0.8300000000000001,
    0.84,
    0.85,
    0.86,
    0.87,
    0.88,
    0.89,
    0.9,
    0.91,
    0.92,
    0.93,
    0.9400000000000001,
    0.9500000000000001,
    0.96,
    0.97,
    0.98,
    0.99
  ],
  "noise_spectrum": [
    6.437301436590896e-12,
    1.0769401538707099e-10,
    8.239728558143876e-11,
    6.773015374943215e-11,
    1.1599085554134362e-10,
    1.9178232684353056e-10,
    2.0121317758345375e-10,
    1.5567643721065517e-10,
    1.3641072783829537e-10,
    1.2160044021067757e-10,
    3.0283180741592786e-10,
    3.2229736849854594e-10,
    2.5841255543002845e-10,
    5.080825788362803e-10,
    7.858268237753078e-10,
    1.0874036078328277e-09,
    1.2107194111187798e-09,
    7.991029489986787e-10,
    3.398132594965627e-10,
    6.101410338120028e-10,
    1.9221956175008953e-10,
    5.619278260579453e-10,
    7.572210018441254e-10,
    5.735163370321436e-10,
    2.2227779391345937e-10,
    3.094160602447773e-10,
    2.3773814357249084e-10,
    2.5844199930831147e-10,
    3.2237176560626037e-10,
    4.5441907341097584e-10,
    3.3895161203487645e-10,
    1.499539597139784e-10,
    1.9578048814910842e-10,
    1.3933280524711492e-10,
    1.7619853076750084e-10,
    2.678175192049663e-10,
    2.1100865152213792e-10,
    6.716092528840336e-11,
    4.944753703731552e-11,
    9.10449853984798e-11,
    9.255994481960763e-11,
    1.0875075618102117e-10,
    1.6741523885889353e-10,
    1.6327789788207095e-10,
    1.5449634616880397e-10,
    2.0667821065572067e-10,
    1.6622447788748535e-10,
    1.1332451588779737e-10,
    1.4663997328790515e-10,
    1.0317252731815298e-10,
    5.663751027742758e-11,
    9.557157798142975e-11,
    6.107793239839074e-11,
    9.344936631939173e-11,
    1.1883317265414377e-10,
    7.004208214625821e-11,
    5.7596097825218174e-11,
    8.821455433139987e-11,
    6.937977331905765e-11,
    5.4424792894731437e-11,
    8.559853007663506e-11,
    7.48112411379164e-11,
    4.034636136467317e-11,
    2.5870561775497325e-11,
    2.0431748502507565e-12,
    2.0124590770439474e-11,
    1.2843726483125635e-11,
    2.800589237001383e-11,
    1.700000209915814e-11,
    2.164746595205554e-11,
    2.684331039504647e-11,
    2.991878786752774e-11,
    3.376514505484249e-11,
    1.5415158394055186e-11,
    1.2435806169517514e-11,
    1.9328831028143308e-11,
    1.3941794408337203e-11,
    1.550584629428945e-11,
    4.320309924467119e-12,
    2.732318766743576e-11,
    2.465504127079823e-11,
    2.4886094147945606e-11,
    1.2164317248283525e-11,
    4.362142706696561e-12,
    1.0841516694240178e-11,
    1.492194850756177e-11,
    1.7068613102231652e-11,
    2.0635447420857616e-11,
    2.7459621755682603e-11,
    2.4217817149532724e-11,
    1.5627418323765928e-11,
    8.958348293922199e-12,
    4.021484538549421e-12,
    1.0390546950982915e-11,
    9.629558368284446e-12,
    6.6206407163430875e-12,
    1.1642760539250628e-11,
    1.3507722097963895e-11,
    1.7494382334470618e-11,
    1.2844385733742448e-11
  ],
  "signal_spectrum": [
    7.63556140936226e-12,
    9.0345841989768e-11,
    3.092701760771182e-11,
    1.5402414036847147e-10,
    1.7363332224442664e-10,
    7.280202432120256e-11,
    4.977529963877103e-10,
    6.810403455246779e-10,
    3.561731098125213e-10,
    2.2911210472345606e-10,
    6.847899586812104e-10,
    9.006635644573383e-10,
    7.211421541851793e-10,
    2.247330396109982e-10,
    2.5247914424445954e-10,
    4.5112955028317963e-10,
    6.746955807086585e-10,
    9.338100421283273e-10,
    1.0646358416032473e-09,
    1.196773101597195e-09,
    1.1750563303388395e-09,
    6.388919254619699e-10,
    3.6778282179500017e-10,
    5.211515384935422e-10,
    4.1475932040124163e-10,
    3.436318305192113e-10,
    6.049762923257068e-10,
    7.698136156391757e-10,
    9.42857015025448e-10,
    8.639520990423827e-10,
    7.821452239225759e-10,
    6.520311256228452e-10,
    5.179948131780346e-10,
    4.2867214623100204e-10,
    3.620832304171132e-10,
    3.8342412112872693e-10,
    4.018016503319852e-10,
    4.691557182729573e-10,
    3.7011028285231886e-10,
    2.1222603307636452e-10,
    1.5778292977133796e-10,
    1.322889528712651e-10,
    1.24960155151812e-10,
    1.4488991947557644e-10,
    1.5701266551648797e-10,
    1.4640520749723938e-10,
    1.0871588813335368e-10,
    9.288144684951686e-11,
    1.5871570159305106e-10,
    1.9733864779750413e-10,
    1.368307349969201e-10,
    4.940912542160107e-11,
    3.5000204002078734e-11,
    6.771508912713587e-11,
    6.490177655060448e-11,
    1.8406066585479392e-11,
    4.627686187261218e-11,
    3.998475289996385e-11,
    1.8598056238526717e-11,
    5.1685247721855926e-11,
    5.1090825302207683e-11,
    7.761067566937301e-11,
    9.500866341856067e-11,
    7.285628693631804e-11,
    3.604035522924877e-11,
    2.583919882868863e-11,
    7.04213405138716e-12,
    3.367788357800871e-11,
    5.164886212840056e-11,
    5.134388386622377e-11,
    5.3719194255308575e-11,
    4.567569917128313e-11,
    2.5349117602272556e-11,
    1.98726363607208e-11,
    1.1827830133502139e-11,
    2.3545837973162794e-11,
    2.999437804529714e-11,
    2.6244870711709238e-11,
    1.868913676031309e-11,
    1.9974645579289585e-11,
    1.8190153084949325e-11,
    1.3097566399284658e-11,
    1.962399490145182e-11,
    1.5673385568525024e-11,
    8.2392444462954e-12,
    1.0327971064871828e-11,
    1.4396567291289726e-11,
    1.3770493363143362e-11,
    6.473723039339119e-12,
    1.4113695495267896e-11,
    3.891462537254204e-11,
    3.950753462611791e-11,
    2.159681924198199e-11,
    1.498548498093006e-11,
    1.6226766023951793e-11,
    2.1627442927949297e-11,
    1.788597479087907e-11,
    1.7378253132191778e-12,
    5.493145785025083e-12,
    2.1844757444121243e-12
  ]
}